Emp ID,First Name,Last Name,DOB,SSN,State
232,John,Mathews,2/24/1991,***-**-9165,ND
533,Nathan,Moore,1/19/1978,***-**-7469,ME
256,Amanda,Douglas,1/08/1990,***-**-6961,ID
189,Heather,Andrews,8/11/1976,***-**-1797,VT
284,Daniel,Hernandez,7/22/1976,***-**-7473,CO
512,Danny,Pena,1/31/1978,***-**-9878,MN
126,Gary,Knight,3/08/1994,***-**-1242,AR
556,Robin,Carroll,0/14/1972,***-**-7194,CA
595,Michelle,Dickerson,2/08/1984,***-**-2817,TN
191,Kimberly,Gallegos,8/05/1972,***-**-7563,OR
55,Morgan,Parker,1/30/1986,***-**-4320,TN
623,Mason,Rhodes,1/28/1977,***-**-4767,MD
426,Amy,Griffin,2/18/1973,***-**-1946,MA
535,Danielle,House,4/16/1975,***-**-9308,ME
399,Charles,Greene,1/28/1992,***-**-2935,KY
33,Nicholas,Martinez,4/05/1979,***-**-1689,LA
302,Tracey,Meadows,1/12/1988,***-**-6175,RI
325,Renee,Evans,3/14/1991,***-**-2708,MT
188,Joseph,Estrada,3/29/1984,***-**-2571,PA
184,Jeremy,Warner,0/20/1987,***-**-1184,AL
526,Anthony,Rodriguez,2/09/1983,***-**-3865,ID
85,Kristen,Lopez,1/02/1978,***-**-8194,VA
171,Mark,Mcdonald,6/27/1984,***-**-0101,MT
74,Robert,Freeman,1/01/1984,***-**-5211,AR
69,Michael,Reynolds,0/30/1994,***-**-8507,CA
365,Kristine,Little,7/10/1974,***-**-1771,SD
149,April,Barnes,2/15/1983,***-**-3288,RI
218,Pamela,Hodges,2/19/1989,***-**-1423,UT
647,Ronald,Gilbert,5/26/1974,***-**-4448,WY
518,Thomas,Cooper,8/17/1972,***-**-9890,CO
12,Dakota,Harrington,8/24/1972,***-**-7188,VA
622,Jennifer,Porter,1/20/1991,***-**-5572,WI
159,Beverly,Jordan,8/15/1986,***-**-3762,NM
394,Mark,Brown,4/02/1975,***-**-8531,CA
158,Amy,Ford,6/05/1974,***-**-6461,NC
446,Benjamin,King,5/07/1973,***-**-8165,RI
352,Stephen,Bryant,5/15/1991,***-**-6488,SD
598,Brandi,Williams,0/15/1989,***-**-8500,MD
505,Ashley,Hutchinson,4/26/1994,***-**-1510,SC
173,Alisha,Pacheco,1/13/1982,***-**-2496,MI
84,Robert,Campbell,2/27/1973,***-**-9581,SD
406,Sandra,Sanders,0/06/1980,***-**-1673,RI
164,Katherine,Hensley,5/29/1991,***-**-7226,CT
267,Stacy,Cox,1/08/1976,***-**-0990,AL
503,Frank,Barton,6/10/1993,***-**-5568,MA
295,Shannon,Kramer,5/04/1980,***-**-7615,SC
590,Brenda,James,2/31/1977,***-**-3251,HI
97,Paula,Edwards,8/10/1988,***-**-0638,KS
3,Jennifer,Rowe,9/16/1980,***-**-9014,NY
20,David,Foster,1/09/1990,***-**-6956,MO
179,William,Boyle,1/30/1988,***-**-0490,AR
86,Christopher,Greene,5/29/1972,***-**-8446,ID
219,Matthew,Fuller,4/27/1980,***-**-2989,MS
237,Gabriela,Nguyen,2/17/1981,***-**-3729,WA
96,Allison,Diaz,3/25/1994,***-**-8927,AR
22,Isaac,Jordan,5/06/1986,***-**-0520,TX
439,Cheryl,Bailey,0/31/1991,***-**-1224,NC
146,Julie,Castillo,2/16/1988,***-**-4523,AK
271,Michael,Adams,2/10/1986,***-**-3927,FL
103,Melinda,Parsons,2/07/1986,***-**-8751,NE
540,Robert,Campbell,1/17/1987,***-**-3694,DE
144,Julie,Nelson,8/08/1994,***-**-1332,SD
594,Steven,Nelson,4/14/1989,***-**-2085,VT
176,Hailey,Lynn,3/25/1973,***-**-9488,CA
198,Dillon,Nguyen,5/26/1978,***-**-4552,IL
433,Hannah,Miller,0/18/1973,***-**-4657,NY
274,Jeffrey,Harris,5/25/1994,***-**-4763,KY
6,Daniel,Welch,8/08/1982,***-**-6950,IL
452,Bryan,Jackson,9/08/1982,***-**-8117,MD
23,Denise,George,9/07/1990,***-**-4879,WI
373,Alicia,Carney,9/10/1989,***-**-9437,OH
374,William,Peters,3/20/1986,***-**-7516,KY
200,Dustin,Drake,9/17/1993,***-**-5454,WV
428,Jessica,Thornton,1/03/1983,***-**-2381,KS
116,Rebecca,Wilson,6/08/1980,***-**-6629,MI
418,Katherine,Lane,1/01/1986,***-**-6820,NH
9,Sarah,Harper,7/27/1993,***-**-5891,AK
230,Jermaine,Hill,9/11/1988,***-**-5479,NJ
502,Michael,Marshall,4/05/1990,***-**-5125,MI
632,Kirsten,Mcbride,9/10/1973,***-**-2372,IA
112,Rachael,Holmes,7/30/1973,***-**-2067,GA
422,Leon,Foster,9/19/1975,***-**-3153,SC
131,David,Mcclain,8/02/1976,***-**-5430,OH
404,Emily,Lawrence,1/24/1991,***-**-1991,TN
504,Troy,Booth,2/27/1990,***-**-5141,TN
194,Stephanie,Ho,4/25/1983,***-**-3656,KS
567,Michele,Hendricks,3/10/1990,***-**-7341,MS
253,Eric,Harper,1/12/1986,***-**-2860,NV
407,Jonathan,Gomez,6/05/1993,***-**-4727,SD
82,Kevin,Garcia,1/25/1977,***-**-4722,NV
429,Howard,Lawson,4/13/1984,***-**-7664,MI
78,Stacy,Robertson,9/24/1974,***-**-0248,WY
167,John,Beck,7/27/1985,***-**-3635,AR
484,Julia,Morgan,3/18/1976,***-**-1731,WI
60,Allen,Leon,4/06/1975,***-**-9089,MI
400,James,Rios,3/04/1978,***-**-3987,ID
34,Ralph,Wells,0/19/1988,***-**-4237,KS
596,Megan,Chavez,0/08/1991,***-**-7659,CT
279,Ashley,Patrick,6/07/1974,***-**-0763,WY
466,Bonnie,Bowen,1/07/1993,***-**-5889,ID
327,Andrew,Lawson,4/05/1982,***-**-7313,MT
382,Tonya,Chavez,4/17/1984,***-**-5703,MT
369,Michelle,Larson,3/20/1980,***-**-3866,FL
347,Mark,Garrett,9/18/1985,***-**-4408,WY
25,Chelsea,Rivera,6/21/1987,***-**-0140,NH
317,Amanda,Krause,1/06/1977,***-**-4744,IL
321,Paige,Spencer,9/02/1991,***-**-8621,NY
193,Rhonda,Gonzales,6/07/1976,***-**-4110,ID
606,Jasmine,Kelly,6/30/1979,***-**-3251,MN
123,Amy,Sherman,8/04/1973,***-**-6029,NJ
566,David,Arroyo,4/16/1975,***-**-9403,FL
409,Robert,Lin,1/12/1975,***-**-0121,AZ
265,Paul,Wilson,6/19/1993,***-**-9871,IA
490,Paul,Meyers,3/13/1989,***-**-1680,HI
311,Jessica,Elliott,6/04/1978,***-**-1632,OH
537,Anthony,Richmond,0/05/1989,***-**-8935,AR
147,William,Rivera,3/08/1975,***-**-7032,SD
304,Sheri,Villegas,2/13/1985,***-**-8629,OR
472,Kelly,Hopkins,0/08/1984,***-**-6875,HI
348,Darren,Farrell,5/24/1991,***-**-5885,CA
91,Darlene,Harmon,5/05/1980,***-**-3052,WV
410,Rachel,Lyons,8/29/1972,***-**-0900,ME
344,David,Jacobs,2/28/1982,***-**-3682,FL
419,Christina,Weeks,0/15/1972,***-**-2028,PA
1,Andrea,Anderson,1/12/1984,***-**-5650,CT
532,Jennifer,Smith,1/31/1989,***-**-1748,GA
107,Shirley,Andrews,2/07/1981,***-**-5306,OH
166,Adrian,Rivera,2/13/1973,***-**-5638,MA
391,George,Mckinney,2/04/1984,***-**-7748,UT
67,Hailey,Boyd,1/17/1980,***-**-0270,NY
447,Tiffany,Harris,1/12/1983,***-**-9733,WV
653,Mary,Hunter,1/01/1977,***-**-6623,TX
294,Robert,Edwards,4/07/1980,***-**-5215,GA
416,Barbara,Lambert,9/07/1979,***-**-5353,ID
185,Angela,Armstrong,3/22/1990,***-**-2446,NY
637,Brett,Ward,9/27/1979,***-**-0204,MN
333,Troy,Sanchez,1/15/1990,***-**-2052,OK
579,Garrett,Carter,9/26/1988,***-**-7246,CA
215,James,Reeves,1/31/1988,***-**-1620,IN
152,Mary,Baker,7/08/1979,***-**-0954,MI
301,Alexandra,Bradley,6/13/1980,***-**-9390,AL
572,Aaron,James,3/25/1974,***-**-4596,OR
165,Thomas,Wood,8/21/1979,***-**-8269,TN
639,Charlene,Jackson,0/28/1989,***-**-8809,WY
405,Mary,Robbins,2/01/1975,***-**-9514,FL
390,Kayla,Washington,0/08/1985,***-**-6218,CT
641,Kimberly,Knapp,1/23/1992,***-**-1122,CO
51,Nicholas,Brown,9/18/1988,***-**-2869,SC
421,Rebecca,Marshall,5/06/1974,***-**-1020,PA
106,Mark,Smith,7/07/1979,***-**-5381,ND
379,Adam,Harrell,0/18/1981,***-**-0742,WV
76,Steve,Daniels,9/14/1980,***-**-3537,CO
68,Victoria,Potter,3/25/1988,***-**-4290,UT
118,Kathy,Preston,3/06/1990,***-**-9960,LA
127,Michael,Donaldson,1/01/1995,***-**-7624,CA
542,Brian,Bridges,2/22/1976,***-**-4546,MN
181,Martha,Gonzalez,1/17/1981,***-**-8342,KS
111,Paul,Rogers,1/10/1992,***-**-6284,MT
481,Dawn,Galvan,9/03/1989,***-**-8058,TN
568,Amber,West,1/19/1978,***-**-7363,ND
395,Christopher,Guerrero,1/29/1983,***-**-4036,WY
345,Stacy,Brooks,6/17/1991,***-**-4661,SC
438,Danielle,Kaiser,8/21/1975,***-**-9764,AL
403,Taylor,Boyle,9/26/1979,***-**-9756,MD
180,Donna,Howard,2/16/1978,***-**-3416,CA
616,Anne,Rios,1/26/1974,***-**-6513,HI
56,Theresa,Barnes,9/28/1976,***-**-2054,CT
153,Lori,Tate,3/08/1977,***-**-9123,NM
551,Alexandria,Baker,1/02/1974,***-**-3200,NV
135,Stephen,Hensley,9/30/1978,***-**-5372,GA
500,Jennifer,Fischer,1/19/1983,***-**-5609,UT
24,Pamela,Robinson,2/21/1981,***-**-4275,NM
81,Brendan,Gonzalez,8/02/1991,***-**-9993,SC
50,Richard,Turner,2/24/1982,***-**-9924,TN
328,Michael,Robinson,0/22/1973,***-**-2355,IL
402,Patricia,Sharp,7/13/1987,***-**-0306,MD
255,Elizabeth,Avila,3/15/1977,***-**-8453,NH
413,Christopher,Martinez,2/28/1978,***-**-8774,CT
507,Isaac,Woods,3/20/1984,***-**-6227,AK
62,Adriana,Wolf,0/17/1994,***-**-1702,OR
150,David,Pearson,6/14/1982,***-**-1781,AL
109,Matthew,Kramer,5/14/1988,***-**-4860,RI
310,Pamela,Archer,0/25/1987,***-**-2625,WV
243,Charles,Stout,2/05/1976,***-**-1997,KS
72,Daniel,Boyd,7/18/1978,***-**-1220,NY
608,Jimmy,Jones,2/19/1973,***-**-2030,MA
19,Rebecca,Hammond,2/21/1972,***-**-2706,LA
30,Emily,Diaz,2/04/1986,***-**-9174,AK
119,Chad,Wise,1/10/1988,***-**-1355,CO
162,Todd,Duran,1/14/1976,***-**-1832,KY
199,Brian,Mclaughlin,9/21/1987,***-**-2876,PA
187,Katherine,Rogers,5/13/1988,***-**-9500,ME
102,Joseph,Adams,1/18/1979,***-**-7778,WI
385,David,Lowery,0/21/1987,***-**-7963,UT
626,Janice,Young,7/07/1988,***-**-4863,WA
528,Anna,Matthews,2/09/1991,***-**-4474,TN
31,Katie,Garcia,3/22/1983,***-**-8462,AK
43,Maria,Estrada,4/30/1990,***-**-8108,LA
169,Ashley,Smith,7/16/1983,***-**-8720,TX
204,Amy,Wright,0/15/1991,***-**-8641,CA
494,Heather,Scott,8/20/1982,***-**-0361,NH
233,John,Anderson,5/30/1973,***-**-6681,NY
638,John,Anderson,1/07/1983,***-**-7935,UT
57,Kimberly,Harris,0/01/1988,***-**-5459,IA
648,Christopher,Smith,1/23/1976,***-**-2521,WI
192,Daniel,Singh,2/25/1980,***-**-7521,VA
73,Miranda,Nguyen,8/12/1981,***-**-2585,ME
477,Gregory,Simpson,7/09/1990,***-**-9365,CO
411,Daniel,Brown,4/19/1984,***-**-6526,NM
630,Susan,Thompson,5/17/1985,***-**-6074,TN
600,Rick,Johns,7/30/1984,***-**-7121,NV
634,Sean,Calhoun,7/31/1978,***-**-2261,SD
296,Alan,Holden,1/06/1994,***-**-6916,PA
154,Robin,Silva,7/14/1987,***-**-0453,AK
527,Nicole,Conrad,6/02/1985,***-**-6985,SD
635,Deanna,Russell,7/29/1972,***-**-9236,MD
229,Joshua,Bailey,7/20/1986,***-**-4031,WV
389,Daniel,Patrick,0/15/1972,***-**-8777,GA
220,William,Smith,6/04/1990,***-**-0654,AR
454,Kristin,Grant,8/23/1980,***-**-9693,WV
488,Kimberly,Velasquez,1/10/1989,***-**-4229,GA
41,Michael,Dalton,3/08/1994,***-**-2101,WI
522,Jason,Shaw,1/01/1985,***-**-4765,KY
269,Jonathon,Olson,7/08/1985,***-**-7767,SC
35,Andrea,Perry,2/01/1986,***-**-8897,CO
10,Anthony,Nguyen,0/09/1986,***-**-8472,WI
397,Anthony,Christensen,5/13/1983,***-**-8703,OH
45,Paul,Murphy,7/18/1975,***-**-9454,NJ
210,Susan,Stewart,4/23/1989,***-**-2712,GA
197,Scott,Warren,6/24/1985,***-**-3723,OH
354,Jennifer,Avery,8/08/1987,***-**-5062,LA
552,Alexander,Vaughan,8/22/1988,***-**-8562,MI
414,Laura,Parker,2/05/1973,***-**-6879,CO
134,Derek,Harrington,9/15/1990,***-**-2836,AR
11,Daniel,Wells,8/27/1994,***-**-7268,CA
222,Kelly,Phillips,1/05/1987,***-**-1324,MI
442,Lauren,Bennett,6/05/1985,***-**-4874,IA
633,Aaron,Wolf,4/09/1978,***-**-1149,WY
361,Julia,Wright,9/04/1980,***-**-6702,CO
205,Cheryl,Dennis,6/16/1986,***-**-0712,TX
18,Donna,Lopez,2/22/1985,***-**-5711,DE
459,Matthew,Gibbs,6/12/1984,***-**-9698,ID
564,Nancy,Mitchell,2/02/1988,***-**-9365,GA
138,Ashley,Bullock,7/23/1983,***-**-5394,MS
356,Andrew,Moore,1/03/1982,***-**-5178,ID
479,Joseph,Martinez,0/05/1973,***-**-9409,NH
100,Yvette,Rodriguez,9/11/1985,***-**-8123,OR
451,Carrie,Barber,1/09/1977,***-**-3083,LA
432,Ashley,Sherman,0/01/1984,***-**-1501,NE
71,Craig,Garcia,8/18/1994,***-**-3695,PA
463,Jerome,Brown,7/10/1992,***-**-9456,MD
308,Kevin,Beck,3/29/1981,***-**-7304,TN
591,Travis,Hansen,7/28/1981,***-**-6746,DE
214,Rodney,Cook,2/15/1994,***-**-6232,RI
290,Theresa,Brown,2/20/1993,***-**-3478,MN
8,Wayne,Mercer,9/21/1989,***-**-7254,MA
182,Mary,Lee,4/12/1982,***-**-7361,OH
534,Matthew,Martin,7/12/1993,***-**-7803,ID
511,Lee,Weber,2/03/1988,***-**-9830,CA
32,James,Wilson,7/23/1977,***-**-7343,OR
289,Angela,Clark,4/20/1988,***-**-3392,MN
643,Allen,Flynn,7/25/1994,***-**-7573,NH
234,Darrell,Coleman,8/24/1992,***-**-4198,WI
618,Patrick,Wells,8/03/1979,***-**-3209,MS
246,Tyler,Beck,0/20/1986,***-**-1385,HI
546,Michelle,Jenkins,1/29/1977,***-**-8254,NE
455,Scott,Miller,9/27/1991,***-**-3580,WY
341,Maria,Mcmillan,9/07/1973,***-**-3730,TX
252,Amy,Waller,0/01/1980,***-**-8763,MA
351,Jacob,Thomas,3/31/1976,***-**-8896,MS
493,Amanda,Jones,7/31/1993,***-**-0691,MN
599,Edward,Padilla,0/09/1993,***-**-5222,PA
315,Debra,Best,2/20/1973,***-**-3320,ND
577,Gregory,Roberts,1/27/1986,***-**-4496,IN
415,Suzanne,Wheeler,5/19/1985,***-**-2982,WI
303,Ann,Lewis,1/14/1976,***-**-0619,MT
478,Michelle,Peterson,6/25/1984,***-**-2154,MA
313,Adam,Thomas,2/30/1982,***-**-1297,VA
4,Donna,Owens,9/26/1987,***-**-6696,AL
249,Pamela,Lyons,9/27/1972,***-**-3318,AR
649,Victor,Lopez,0/26/1987,***-**-3964,NV
565,Matthew,Miller,4/07/1979,***-**-3517,CO
513,Kevin,Foster,0/18/1985,***-**-5090,WI
516,Alyssa,Stokes,4/01/1973,***-**-2432,OH
545,Mark,Saunders,8/23/1973,***-**-2640,VT
38,Michael,Chapman,3/13/1977,***-**-6874,OR
309,Cole,Farrell,1/29/1993,***-**-7973,IN
578,Michael,Estrada,0/12/1994,***-**-2448,OH
178,Shaun,Martinez,2/11/1982,***-**-5793,NC
359,Victoria,Moon,1/06/1976,***-**-8604,AZ
278,Brian,Peters,5/07/1982,***-**-3701,HI
292,Jose,Gonzalez,6/01/1992,***-**-9797,MD
87,John,Paul,1/20/1973,***-**-7180,KY
286,Stephanie,Smith,4/26/1978,***-**-1286,NH
221,Lisa,Wilson,1/09/1993,***-**-6950,AZ
524,Cody,Duran,1/15/1973,***-**-6706,NM
453,Ann,Johnson,6/01/1981,***-**-9046,NE
468,Paula,Hernandez,0/12/1975,***-**-2951,CA
444,Patrick,Barber,7/21/1991,***-**-9891,NY
350,Dennis,Alvarado,1/27/1973,***-**-4378,MT
462,David,Peterson,6/27/1973,***-**-7312,LA
66,Tina,Williams,1/04/1987,***-**-7775,OR
495,Bridget,Koch,2/23/1973,***-**-9714,WY
586,Adrian,Hernandez,9/08/1993,***-**-5101,NE
457,Andrea,Potter,2/26/1983,***-**-6384,NH
392,David,Williams,7/07/1990,***-**-6350,MA
202,Katherine,Wright,5/10/1987,***-**-3109,AR
467,Kevin,Taylor,4/19/1979,***-**-2293,NH
627,Latoya,Mitchell,3/15/1991,***-**-3607,ME
367,Tricia,Smith,1/24/1992,***-**-7866,CA
244,David,Miles,1/26/1993,***-**-2657,MI
620,Gina,Hoffman,3/20/1990,***-**-4213,UT
642,Tamara,Whitney,9/21/1975,***-**-9208,MO
427,John,Garcia,4/14/1987,***-**-3993,TX
539,Craig,Nunez,6/13/1972,***-**-6566,DE
98,Desiree,Ross,7/07/1981,***-**-2608,MS
324,Samantha,Ramirez,8/11/1981,***-**-7086,MD
589,David,Patton,1/19/1978,***-**-9705,PA
339,Caroline,Lopez,8/09/1981,***-**-1325,OK
645,Karen,Malone,9/03/1985,***-**-5442,CO
355,Daniel,Wright,2/31/1989,***-**-3803,FL
541,Brent,Miller,1/14/1978,***-**-9692,HI
360,Mitchell,Meyer,8/31/1991,***-**-7666,RI
39,Annette,Flores,4/19/1977,***-**-3196,NE
305,Wendy,Hendrix,8/19/1983,***-**-6634,WY
474,Alexis,Cross,8/11/1983,***-**-3694,MN
571,Jeffrey,Jones,6/27/1981,***-**-1822,SD
372,Jessica,Walsh,6/01/1976,***-**-2907,RI
559,Sherry,Henderson,2/15/1991,***-**-3768,FL
521,Jennifer,Johnson,2/17/1978,***-**-3102,OK
583,Scott,Ellison,3/31/1977,***-**-8653,NH
329,Denise,Baldwin,4/06/1992,***-**-7350,AL
201,Rebecca,James,2/04/1980,***-**-1514,MA
276,Sean,Gonzales,8/11/1981,***-**-8838,MO
592,Mary,Chavez,4/27/1990,***-**-2834,PA
124,Ralph,Martinez,2/26/1980,***-**-4024,WA
133,Thomas,Stone,3/29/1973,***-**-8227,DE
314,Christopher,Anderson,7/01/1974,***-**-1835,NC
562,Allison,Garcia,2/08/1983,***-**-0105,LA
125,Charles,Hall,9/15/1982,***-**-7617,PA
625,Lawrence,Roach,4/03/1991,***-**-2080,KY
312,Christopher,Dougherty,3/29/1978,***-**-0986,AL
90,William,Small,8/05/1990,***-**-0642,CO
236,Samuel,May,3/30/1988,***-**-0970,NJ
601,Brian,Lopez,2/13/1990,***-**-7558,DE
326,Amanda,Clark,7/23/1991,***-**-5043,MN
264,Cody,Taylor,1/13/1978,***-**-3700,SD
248,Sherry,Love,3/24/1975,***-**-8685,OR
485,Christine,Stone,1/07/1978,***-**-6503,KS
54,Kristy,Diaz,3/26/1988,***-**-1032,IA
2,Amy,Long,7/19/1982,***-**-7292,FL
298,Haley,Myers,3/20/1985,***-**-0757,MD
99,Michael,Holden,7/23/1975,***-**-7951,IN
186,Kelly,Ferrell,1/21/1982,***-**-2299,NH
593,Rachel,Valdez,5/21/1985,***-**-0852,UT
557,Kristine,Roberson,3/18/1981,***-**-0956,MN
375,Vincent,Watson,2/15/1974,***-**-8997,RI
460,Elizabeth,Bailey,7/15/1979,***-**-7230,MI
496,Mark,Mcmillan,7/08/1976,***-**-2503,MI
487,Sheri,Long,6/06/1978,***-**-5166,OH
469,Daniel,Mccall,7/12/1987,***-**-5314,NE
340,Dawn,Malone,4/19/1979,***-**-2070,TN
363,Evan,Romero,8/25/1994,***-**-3334,NM
108,Paul,Adams,4/19/1992,***-**-5765,WV
357,Tracy,Holt,0/20/1988,***-**-1413,AK
293,Charles,Wheeler,2/11/1972,***-**-5781,CA
604,Ashley,Harris,8/09/1993,***-**-7070,IL
7,Roberto,Schmidt,2/07/1994,***-**-1763,AL
94,Margaret,Barton,0/10/1975,***-**-0973,ID
227,Michelle,Diaz,9/25/1993,***-**-4889,ID
486,Mike,Duncan,2/15/1988,***-**-8115,MD
613,Alexandra,Thomas,1/12/1994,***-**-6760,SD
603,Mark,Murillo,9/22/1976,***-**-9915,MI
332,Carol,Dyer,3/12/1989,***-**-5545,HI
587,Daniel,Williams,1/17/1989,***-**-9146,NH
602,Sandra,Suarez,9/20/1980,***-**-9548,GA
398,Sarah,Hamilton,7/20/1976,***-**-3104,ND
148,Sydney,Floyd,3/31/1981,***-**-0722,CT
223,Jonathan,Hall,7/01/1978,***-**-6672,NE
574,Jennifer,Kim,0/03/1976,***-**-9504,MN
588,Kenneth,Sanchez,0/30/1980,***-**-8921,CA
157,Joseph,Carroll,5/09/1975,***-**-5984,ND
175,Jennifer,Arnold,0/18/1976,***-**-4368,AL
473,David,Le,8/31/1976,***-**-5444,MI
29,Jeffrey,Clark,6/28/1978,***-**-0316,MO
334,Jeffery,Reed,7/19/1985,***-**-6338,NJ
465,Laura,Kim,7/26/1974,***-**-3606,PA
92,Derek,Obrien,6/29/1990,***-**-6123,NH
470,Brooke,Bishop,2/18/1980,***-**-4107,CA
128,Peter,Miles,0/26/1976,***-**-3367,WA
77,Alex,Owen,0/07/1987,***-**-9252,AL
530,Michael,Fowler,8/28/1990,***-**-3995,TN
270,Katherine,Rose,1/19/1976,***-**-0446,MN
251,Daniel,Waller,4/23/1974,***-**-0011,KY
277,Ronald,Johnson,9/19/1973,***-**-8871,DE
346,Austin,Gutierrez,6/25/1979,***-**-0203,VT
238,Brandon,Chang,5/14/1984,***-**-6687,AL
143,Alexander,Murphy,5/05/1984,***-**-0664,UT
461,Stephanie,Mendoza,3/22/1977,***-**-8308,VT
5,Gregory,Moore,2/10/1982,***-**-6226,MA
117,Jonathan,Mendoza,2/30/1989,***-**-0262,MD
396,Michelle,Phillips,9/17/1988,***-**-2345,OK
517,Justin,Morgan,3/17/1976,***-**-5133,MI
228,Michael,Hubbard,9/09/1978,***-**-8972,CT
576,Travis,Little,5/14/1992,***-**-6995,WY
482,Susan,Kennedy,2/19/1988,***-**-4558,ME
611,Emily,Mcgrath,1/10/1973,***-**-7640,CO
288,Sandra,Griffin,1/13/1988,***-**-6533,NV
322,Jessica,Sullivan,1/07/1990,***-**-2665,WY
93,Timothy,Mendoza,6/09/1980,***-**-2367,NM
631,Amanda,Pearson,8/15/1979,***-**-9832,TN
95,Jeffery,Burnett,7/28/1984,***-**-4493,KS
225,Brian,Williams,1/12/1986,***-**-5701,MT
386,Randy,Dorsey,5/09/1974,***-**-0360,MO
272,Duane,Williams,0/14/1973,***-**-8818,NV
614,Colleen,Beasley,8/12/1977,***-**-3286,MA
262,Brian,Jackson,2/21/1985,***-**-9597,PA
110,Cynthia,Price,0/15/1991,***-**-6184,SD
501,Donald,Carter,7/16/1983,***-**-5922,HI
65,Lisa,Schmitt,4/23/1976,***-**-5980,TN
458,Dustin,Nichols,6/07/1977,***-**-9015,NE
224,Jay,Brown,4/24/1980,***-**-8736,TX
160,Beth,Lynch,2/13/1984,***-**-0814,AK
259,Mary,Mitchell,1/20/1982,***-**-3602,TX
547,Joshua,Rush,8/05/1986,***-**-2710,GA
358,Jillian,David,4/11/1973,***-**-4462,HI
652,Anthony,Delgado,9/19/1994,***-**-7837,FL
49,Meghan,Wilson,5/18/1988,***-**-4722,HI
437,Andrea,Montgomery,2/03/1991,***-**-6315,OH
536,Megan,Gray,0/12/1972,***-**-4006,NY
636,Sarah,Brooks,6/27/1991,***-**-6948,AR
330,Kaylee,Clark,5/29/1992,***-**-0753,WI
538,Joseph,Martin,4/13/1992,***-**-5396,AR
168,Donna,Rose,4/20/1989,***-**-1960,TN
480,Brandi,Sawyer,7/13/1979,***-**-9334,RI
543,James,Torres,1/19/1986,***-**-5026,DE
506,Jonathan,Malone,4/14/1984,***-**-9942,MN
80,Christine,Williams,8/15/1974,***-**-1974,MN
342,Christopher,Young,2/02/1988,***-**-1343,NE
364,David,Turner,2/13/1973,***-**-7108,IL
64,Gregory,Estes,0/04/1989,***-**-9235,KS
156,Shannon,Vaughn,2/27/1992,***-**-2444,AR
285,James,Mclaughlin,1/21/1981,***-**-1088,NC
79,Michael,Brown,1/13/1986,***-**-9682,OH
170,Jennifer,Crawford,7/21/1986,***-**-5861,FL
561,Michelle,Carr,6/22/1978,***-**-2759,CT
617,Andrew,Love,5/27/1991,***-**-9696,OH
515,Anna,Bennett,6/20/1977,***-**-6909,TN
644,William,Watts,0/12/1989,***-**-6883,MN
450,Cynthia,Williams,2/23/1978,***-**-5994,NY
216,Bruce,Miles,1/21/1982,***-**-0969,IA
88,Amanda,Wilson,5/23/1972,***-**-0767,NE
130,Joshua,Riley,1/08/1983,***-**-4874,IN
408,Carla,Torres,2/23/1987,***-**-7599,CT
105,Mark,Green,6/14/1977,***-**-6893,AZ
580,Stephanie,Goodwin,2/25/1986,***-**-5702,NC
388,Cameron,Allen,1/02/1986,***-**-8341,ID
316,Harold,Li,5/11/1983,***-**-2966,GA
196,Sara,Curry,6/05/1984,***-**-1678,ID
366,Caroline,Wyatt,1/12/1979,***-**-7063,NY
331,Nicole,Perez,9/28/1982,***-**-1455,MT
63,Jacqueline,Garcia,1/31/1991,***-**-8953,NC
651,Alexander,Wright,4/18/1979,***-**-7263,MN
497,Heather,Farrell,1/11/1978,***-**-0338,MA
14,Joseph,Fernandez,6/01/1978,***-**-4971,IL
52,Timothy,Chandler,3/26/1978,***-**-3897,NM
456,Gregory,Jackson,6/06/1973,***-**-0058,WY
412,Thomas,Patterson,5/06/1977,***-**-4561,VA
283,Timothy,Suarez,1/12/1977,***-**-3073,WI
174,Jennifer,Jensen,3/09/1991,***-**-4293,GA
509,Andrew,Hogan,6/08/1990,***-**-5943,ND
254,Dale,Hartman,0/01/1993,***-**-9502,ME
531,Jennifer,Williams,2/27/1977,***-**-9054,OK
104,Antonio,Perez,2/09/1980,***-**-4115,NC
549,Joshua,Hicks,1/07/1985,***-**-4786,KS
183,Edward,Thompson,8/31/1994,***-**-8605,OH
612,Lee,Zamora,3/17/1979,***-**-3321,UT
492,Wyatt,Rivers,2/07/1984,***-**-5135,KY
27,Michelle,Reeves,1/23/1972,***-**-1066,PA
287,Joanna,Hopkins,4/17/1973,***-**-2714,MA
584,Joseph,Mitchell,5/18/1980,***-**-7441,VA
624,Ariel,Ray,9/11/1972,***-**-2732,OR
53,Shawn,Murray,0/30/1990,***-**-5217,MS
206,Jose,Spears,3/01/1976,***-**-2675,NH
211,Caroline,Mayer,5/03/1973,***-**-2487,WY
646,David,Weaver,8/11/1976,***-**-2750,ME
336,Kelly,Sullivan,4/12/1988,***-**-7284,NV
555,Kyle,Ramirez,5/30/1984,***-**-2839,WA
560,Carrie,Davis,6/20/1984,***-**-6558,WA
203,Catherine,Martinez,4/28/1990,***-**-6917,NM
217,Amanda,Lewis,2/05/1988,***-**-0504,MT
371,Katherine,Bailey,3/04/1994,***-**-3545,WV
605,Rodney,Smith,5/08/1975,***-**-3105,NH
337,Savannah,Saunders,5/12/1984,***-**-2473,IA
381,Claudia,Oneal,4/01/1987,***-**-9008,TX
508,Roy,Johnson,3/30/1984,***-**-6344,AK
58,Michelle,Smith,7/08/1982,***-**-6834,NV
401,Amanda,Haney,4/11/1983,***-**-9019,IA
163,Theresa,Fletcher,0/22/1992,***-**-0535,VA
548,Debra,Green,7/20/1988,***-**-5376,SC
161,John,Cox,2/11/1985,***-**-7739,OH
464,Beth,Harris,2/22/1982,***-**-5871,RI
476,Erica,Mcconnell,7/01/1981,***-**-0878,MA
208,Kimberly,Johnson,1/22/1992,***-**-4304,PA
378,Kyle,Aguirre,0/24/1973,***-**-4469,NE
654,Nicole,English,4/30/1977,***-**-9164,HI
585,Bonnie,Turner,4/01/1973,***-**-0208,MD
621,Maurice,Gillespie,9/07/1984,***-**-8509,GA
300,Corey,Adams,0/08/1988,***-**-2578,OR
640,Brett,Nelson,6/20/1986,***-**-3049,MD
297,Melody,Nelson,1/23/1979,***-**-1931,VA
209,James,Young,4/12/1980,***-**-8557,ME
320,Robert,Smith,4/14/1994,***-**-0748,MS
242,Caroline,Larson,5/05/1990,***-**-7178,LA
258,Megan,Robinson,3/24/1973,***-**-1601,WV
570,Shawn,Edwards,1/19/1978,***-**-4865,LA
417,David,Evans,9/15/1977,***-**-6773,WA
281,Julie,Price,1/20/1993,***-**-3599,PA
436,Briana,Webster,2/08/1978,***-**-3704,PA
441,Robin,Oconnor,2/27/1978,***-**-0782,NH
425,Albert,Davidson,1/20/1975,***-**-9182,CA
553,Mark,Chen,4/02/1989,***-**-3553,WY
266,Elizabeth,Lynn,2/25/1992,***-**-8647,MA
40,Tracy,Gonzalez,1/01/1983,***-**-4059,WY
609,Patricia,Fletcher,6/30/1979,***-**-2311,RI
471,Tammy,Salinas,2/29/1980,***-**-3850,NC
307,Roger,Wright,3/04/1974,***-**-3080,MO
353,Kelly,Castillo,4/13/1992,***-**-7622,WA
393,Charles,Kelley,4/14/1993,***-**-1133,OK
607,David,Johnson,6/23/1985,***-**-9729,DE
483,David,Cervantes,1/08/1983,***-**-0082,WA
370,Valerie,Lopez,4/10/1983,***-**-0441,AL
273,Sarah,Hayes,1/20/1984,***-**-8195,CT
141,Christina,Arnold,0/20/1979,***-**-2313,NY
338,Cynthia,Bennett,1/26/1973,***-**-7899,MD
15,Michelle,Huang,4/09/1983,***-**-8363,UT
120,Amanda,Dodson,3/04/1973,***-**-6056,KS
75,Jeff,Hawkins,8/10/1992,***-**-5606,IL
115,Patrick,Taylor,7/29/1991,***-**-5595,MO
629,Elizabeth,Howard,1/05/1984,***-**-2641,AZ
299,Noah,White,4/30/1977,***-**-0897,SC
498,Caroline,Jackson,2/29/1983,***-**-4102,DE
445,Andrea,Wright,6/15/1978,***-**-8386,OH
582,Sara,Smith,1/02/1983,***-**-9188,TN
245,Jennifer,Rodriguez,4/23/1974,***-**-2538,NM
129,Deanna,Terrell,2/05/1990,***-**-5743,OK
544,Kristina,Summers,2/17/1989,***-**-3058,OR
377,Laura,Mercado,4/05/1974,***-**-9514,MI
155,Matthew,Kane,1/17/1990,***-**-9385,PA
440,Tamara,White,5/20/1980,***-**-6614,FL
550,Samantha,Thompson,6/04/1976,***-**-9230,NY
47,John,Mcmillan,3/02/1983,***-**-7301,NV
89,Andrea,Webb,2/11/1985,***-**-7815,VA
145,Lori,Odonnell,0/22/1989,***-**-2415,KS
554,Ronald,Huerta,2/13/1973,***-**-6058,OK
523,Chelsea,Foster,3/26/1974,***-**-4094,AK
499,Daniel,Lopez,9/07/1989,***-**-2639,AR
37,Jonathan,Jones,1/13/1977,***-**-7798,MN
384,Jessica,Gaines,4/23/1981,***-**-9332,CO
514,Timothy,Morris,6/16/1981,***-**-2962,WY
260,Donna,Campbell,7/14/1993,***-**-2369,NV
239,Tonya,Martinez,9/04/1972,***-**-7702,IA
420,Pamela,Moore,2/20/1980,***-**-9532,NJ
380,Michelle,Ali,5/05/1993,***-**-3823,KS
387,Alexander,Gibson,0/27/1983,***-**-1036,CO
207,Jay,Smith,3/06/1985,***-**-6315,CT
318,Teresa,Watkins,7/27/1972,***-**-5707,NY
16,Bradley,Guzman,5/08/1980,***-**-2817,WY
61,Rhonda,Young,6/03/1979,***-**-2336,NE
280,Brandon,Davis,7/22/1977,***-**-1621,AZ
13,Brandon,Farmer,8/10/1980,***-**-2601,TX
563,Barbara,Murphy,0/30/1989,***-**-9225,AR
569,James,King,4/21/1978,***-**-1432,AK
575,Drew,Kelly,3/25/1993,***-**-3264,WA
319,Virginia,Wise,2/18/1982,***-**-8887,OR
122,Mary,Hernandez,1/29/1990,***-**-5268,NY
520,Ryan,Russell,1/06/1975,***-**-3828,HI
489,Amanda,Smith,8/05/1989,***-**-3579,DE
136,Morgan,Dunn,7/13/1980,***-**-1601,AZ
142,Kimberly,Shaw,6/11/1973,***-**-7577,MA
250,Kathleen,Klein,1/15/1990,***-**-3388,NM
383,Diana,Meyers,9/13/1972,***-**-4296,TN
650,Logan,Smith,3/26/1990,***-**-0194,MN
231,Tracy,Martin,5/03/1975,***-**-0726,AK
431,Edwin,Martin,2/13/1988,***-**-9168,MO
306,Kelly,Moran,7/14/1976,***-**-0670,NV
151,Robert,Smith,1/12/1987,***-**-2300,ID
519,Jane,Martinez,1/30/1991,***-**-3977,AZ
172,Denise,Castillo,0/10/1983,***-**-0042,LA
121,Jonathon,Brock,4/30/1980,***-**-9917,CO
140,Amanda,Franco,9/24/1994,***-**-5413,AK
48,Heather,Robinson,1/20/1985,***-**-1929,MN
282,Kathryn,Stout,8/24/1987,***-**-9637,IA
42,Cory,Hopkins,3/13/1977,***-**-9491,AK
247,Ryan,Snyder,7/14/1982,***-**-9330,MA
59,Sara,Walker,8/16/1985,***-**-5423,NE
137,Daniel,Garcia,4/21/1979,***-**-3001,WI
257,Paul,Evans,6/25/1977,***-**-4302,MN
343,Elizabeth,Olson,1/22/1976,***-**-7163,MA
195,Ann,Romero,0/27/1989,***-**-4046,DE
268,Thomas,Jensen,2/23/1991,***-**-3430,OH
558,Brian,Davila,7/05/1982,***-**-3711,DE
70,Donna,Howard,3/31/1990,***-**-7432,MS
28,Kimberly,Massey,1/01/1981,***-**-4649,MO
132,Jeremy,Cross,1/22/1987,***-**-4632,HI
335,Dennis,Thomas,6/11/1989,***-**-5032,IN
349,Kenneth,Martin,8/24/1989,***-**-4681,MI
510,Tyler,Brewer,6/28/1972,***-**-9006,HI
36,Scott,Brooks,2/24/1972,***-**-4958,NY
430,Derrick,Fritz,2/05/1982,***-**-0071,IA
376,Christine,Munoz,1/17/1974,***-**-0149,MO
226,Julie,Robbins,1/23/1976,***-**-4571,IN
240,Rachel,Cook,3/03/1982,***-**-9042,NM
291,Kyle,Hoffman,2/25/1984,***-**-7692,MT
619,Nancy,Nguyen,7/05/1976,***-**-3939,VA
424,John,Wells,5/25/1993,***-**-3026,NH
212,Robert,Ellison,7/16/1979,***-**-9579,NE
263,Keith,Robinson,4/15/1978,***-**-3579,NC
443,Dennis,Osborn,1/15/1973,***-**-3531,MA
26,Ronald,Hays,2/21/1993,***-**-6430,TX
491,Leslie,Brown,6/15/1973,***-**-1806,NJ
114,Maria,Chapman,2/20/1973,***-**-7300,OK
434,Melissa,Torres,3/22/1981,***-**-6921,NM
615,Joshua,Weaver,1/20/1982,***-**-7030,IA
525,Crystal,Martin,8/29/1993,***-**-0679,ME
44,Sheri,Ball,8/04/1991,***-**-7548,AZ
475,Steven,Ritter,2/11/1986,***-**-8004,OH
529,Linda,Krause,2/22/1978,***-**-4382,SD
83,John,Myers,7/25/1989,***-**-1869,NJ
275,Mark,White,9/09/1992,***-**-7830,ID
190,Diana,Smith,2/02/1973,***-**-3506,IL
423,Karen,Lyons,6/09/1990,***-**-9081,OK
581,Laura,Glenn,0/20/1992,***-**-1468,TX
177,Diana,Spence,9/20/1983,***-**-4751,MA
573,Samantha,Farley,7/10/1977,***-**-2351,WA
46,Kayla,Mitchell,0/13/1975,***-**-9155,WI
17,Crystal,Myers,2/31/1980,***-**-6532,OH
101,Brooke,Jones,4/09/1979,***-**-2606,TN
261,John,Mueller,3/22/1987,***-**-7849,MD
435,Karla,Rosales,7/10/1983,***-**-1729,IL
448,Jennifer,Brown,8/23/1977,***-**-0700,MA
597,Blake,Jimenez,9/10/1977,***-**-3810,KS
628,Michael,Garcia,1/05/1980,***-**-4294,IL
610,Jermaine,Quinn,2/24/1989,***-**-1754,CA
113,Patricia,Cruz,4/22/1976,***-**-3822,IN
235,Cameron,Mcintosh,2/01/1975,***-**-8921,NV
21,Michelle,Brewer,6/10/1988,***-**-6836,OK
362,Hannah,Nolan,9/15/1978,***-**-1332,OK
368,Erica,Johnson,5/27/1978,***-**-9413,LA
323,Jeremy,Obrien,1/13/1982,***-**-7592,OR
